{"Washington": -3.11826, "Arizona": -2.02826, "New York": 2.12174, "Ohio": 2.37174, "Texas": -0.72826, "Maryland": 1.76174}